Subdominio,IP,Tecnologia,Fuente
abuse.cloudflare.com,104.16.x.x,Cloudflare,Sublist3r-Filtered
accounts.realtime.cloudflare.com,104.16.x.x,Cloudflare,Sublist3r-Filtered
agents.cloudflare.com,104.16.x.x,Cloudflare,Sublist3r-Filtered
ai.cloudflare.com,104.16.x.x,Cloudflare,Sublist3r-Filtered
a.nel.cloudflare.com,104.16.x.x,Cloudflare,Sublist3r-Filtered
api.cloudflare.com,104.16.x.x,Cloudflare,Sublist3r-Filtered
bindings.mcp.cloudflare.com,104.16.x.x,Cloudflare,Sublist3r-Filtered
blocked.teams.cloudflare.com,104.16.x.x,Cloudflare,Sublist3r-Filtered
blog.cloudflare.com,104.16.x.x,Cloudflare,Sublist3r-Filtered
builds.mcp.cloudflare.com,104.16.x.x,Cloudflare,Sublist3r-Filtered
cdnjs.cloudflare.com,104.16.x.x,Cloudflare,Sublist3r-Filtered
certvalidate.cloudflare.com,104.16.x.x,Cloudflare,Sublist3r-Filtered
cf-assets.www.cloudflare.com,104.16.x.x,Cloudflare,Sublist3r-Filtered
challenges.cloudflare.com,104.16.x.x,Cloudflare,Sublist3r-Filtered
community.cloudflare.com,104.16.x.x,Cloudflare,Sublist3r-Filtered
content.cloudflare.com,104.16.x.x,Cloudflare,Sublist3r-Filtered
cor.registrar.cloudflare.com,104.16.x.x,Cloudflare,Sublist3r-Filtered
crypto.cloudflare.com,104.16.x.x,Cloudflare,Sublist3r-Filtered
ct.cloudflare.com,104.16.x.x,Cloudflare,Sublist3r-Filtered
dash.cloudflare.com,104.16.x.x,Cloudflare,Sublist3r-Filtered
dash.realtime.cloudflare.com,104.16.x.x,Cloudflare,Sublist3r-Filtered
demo-pat.research.cloudflare.com,104.16.x.x,Cloudflare,Sublist3r-Filtered
demo.realtime.cloudflare.com,104.16.x.x,Cloudflare,Sublist3r-Filtered
developers.cloudflare.com,104.16.x.x,Cloudflare,Sublist3r-Filtered
dns.cloudflare.com,104.16.x.x,Cloudflare,Sublist3r-Filtered
docs.realtime.cloudflare.com,104.16.x.x,Cloudflare,Sublist3r-Filtered
domaincontact.registrar.cloudflare.com,104.16.x.x,Cloudflare,Sublist3r-Filtered
domains.cloudflare.com,104.16.x.x,Cloudflare,Sublist3r-Filtered
events.cloudflare.com,104.16.x.x,Cloudflare,Sublist3r-Filtered
events.www.cloudflare.com,104.16.x.x,Cloudflare,Sublist3r-Filtered
fieldmarketing.www.cloudflare.com,104.16.x.x,Cloudflare,Sublist3r-Filtered
graphql.cloudflare.com,104.16.x.x,Cloudflare,Sublist3r-Filtered
graphql.mcp.cloudflare.com,104.16.x.x,Cloudflare,Sublist3r-Filtered
h3.speed.cloudflare.com,104.16.x.x,Cloudflare,Sublist3r-Filtered
help.one.cloudflare.com,104.16.x.x,Cloudflare,Sublist3r-Filtered
info.cloudflare.com,104.16.x.x,Cloudflare,Sublist3r-Filtered
labs.cloudflare.com,104.16.x.x,Cloudflare,Sublist3r-Filtered
learn.cloudflare.com,104.16.x.x,Cloudflare,Sublist3r-Filtered
netdollar.cloudflare.com,104.16.x.x,Cloudflare,Sublist3r-Filtered
notifications.cloudflare.com,104.16.x.x,Cloudflare,Sublist3r-Filtered
observability.mcp.cloudflare.com,104.16.x.x,Cloudflare,Sublist3r-Filtered
one.dash.cloudflare.com,104.16.x.x,Cloudflare,Sublist3r-Filtered
pages.cloudflare.com,104.16.x.x,Cloudflare,Sublist3r-Filtered
partnerdemandcenter.cloudflare.com,104.16.x.x,Cloudflare,Sublist3r-Filtered
peering.cloudflare.com,104.16.x.x,Cloudflare,Sublist3r-Filtered
performance.radar.cloudflare.com,104.16.x.x,Cloudflare,Sublist3r-Filtered
pkg.cloudflare.com,104.16.x.x,Cloudflare,Sublist3r-Filtered
playground.ai.cloudflare.com,104.16.x.x,Cloudflare,Sublist3r-Filtered
pp-attester-turnstile.research.cloudflare.com,104.16.x.x,Cloudflare,Sublist3r-Filtered
r2-calculator.cloudflare.com,104.16.x.x,Cloudflare,Sublist3r-Filtered
radar.cloudflare.com,104.16.x.x,Cloudflare,Sublist3r-Filtered
radar.mcp.cloudflare.com,104.16.x.x,Cloudflare,Sublist3r-Filtered
realtime.cloudflare.com,104.16.x.x,Cloudflare,Sublist3r-Filtered
report-uri.cloudflare.com,104.16.x.x,Cloudflare,Sublist3r-Filtered
research.cloudflare.com,104.16.x.x,Cloudflare,Sublist3r-Filtered
rpki.cloudflare.com,104.16.x.x,Cloudflare,Sublist3r-Filtered
sandbox.cloudflare.com,104.16.x.x,Cloudflare,Sublist3r-Filtered
speed.cloudflare.com,104.16.x.x,Cloudflare,Sublist3r-Filtered
support.cloudflare.com,104.16.x.x,Cloudflare,Sublist3r-Filtered
try.cloudflare.com,104.16.x.x,Cloudflare,Sublist3r-Filtered
university.cloudflare.com,104.16.x.x,Cloudflare,Sublist3r-Filtered
whois.cloudflare.com,104.16.x.x,Cloudflare,Sublist3r-Filtered
workers.cloudflare.com,104.16.x.x,Cloudflare,Sublist3r-Filtered
www.cloudflare.com,104.16.x.x,Cloudflare,Sublist3r-Filtered
www.partners.cloudflare.com,104.16.x.x,Cloudflare,Sublist3r-Filtered
www.support.cloudflare.com,104.16.x.x,Cloudflare,Sublist3r-Filtered
